epoch,train_loss,valid_loss,accuracy
1,0.16880543396256106,0.03419245559454499,0.9889221787452698
2,0.015569484854691444,0.006963982940193135,0.9973053932189941
